1,bbc.co.uk
2,youm7.com
3,alwafd.news
4,aljazeera.com
5,ahram.org.eg
6,hespress.com
7,un.org
8,hibapress.com
9,aljazeera.net
10,echoroukonline.com
11,sabq.org
12,alarabiya.net
13,ennaharonline.com
14,qatarliving.com
15,fifa.com
16,le360.ma
17,argaam.com
18,alanba.com.kw
19,sputniknews.com
20,alqabas.com
21,elmogaz.com
22,arabi21.com
23,thepeninsulaqatar.com
24,skynewsarabia.com
25,almasryalyoum.com
26,alnaharegypt.com
27,alwakeelnews.com
28,masrawy.com
29,okaz.com.sa
30,akhbaralaan.net
31,alaraby.co.uk
32,tanja24.com
33,nessma.tv
34,france24.com
35,elwatannews.com
36,khaleejtimes.com
37,gomhuriaonline.com
38,filgoal.com
39,alquds.co.uk
40,khaberni.com
41,hrsd.gov.sa
42,almalnews.com
43,beinsports.com
44,elbalad.news
45,moh.gov.sa
46,rue20.com
47,alarab.com
48,aawsat.com
49,elbilad.net
50,emaratalyoum.com
51,ammonnews.net
52,gulfnews.com
53,akhbarelyom.com
54,alwatanvoice.com
55,goud.ma
56,al-madina.com
57,sarayanews.com
58,sana.sy
59,yasour.org
60,tuniscope.com
61,factjo.com
62,ahlynews.com
63,elkhabar.com
64,almowaten.net
65,thenationalnews.com
66,iloveqatar.net
67,arabnews.com
68,alriyadh.com
69,diplomatie.gouv.fr
70,almayadeen.net
71,akhbarak.net
72,elhiwarettounsi.com
73,assawsana.com
74,dostor.org
75,nadorcity.com
76,swissinfo.ch
77,shorouknews.com
78,al-sharq.com
79,gulf-times.com
80,24.ae
81,ngmisr.com
82,alraimedia.com
83,palinfo.com
84,mosaiquefm.net
85,babnet.net
86,kech24.com
87,wn.com
88,alwatan.com.sa
89,alakhbar.press.ma
90,alhurra.com
91,alroeya.com
92,saudigazette.com.sa
93,realmadrid.com
94,alkhaleej.ae
95,darelhilal.com
96,qatar-tribune.com
97,agadir24.info
98,al-watan.com
99,al-akhbar.com
100,elaosboa.com
101,ortas.online
102,arab48.com
103,al-marsd.com
104,enabbaladi.net
105,orient-news.net
106,adtv.ae
107,alrakoba.net
108,mobtada.com
109,businessnews.com.tn
110,mugtama.com
111,slaati.com
112,zawya.com
113,arabtimesonline.com
114,garaanews.com
115,syrianownews.com
116,albayan.ae
117,almanar.com.lb
118,sa24.co
119,kapitalis.com
120,kuna.net.kw
121,jfranews.com.jo
122,vetogate.com
123,shafaq.com
124,raya.com
125,alwatan.sy
126,jo24.net
127,alghad.com
128,misr5.com
129,aljarida.com
130,lebanonfiles.com
131,elnashra.com
132,djelfa.info
133,ami.mr
134,annahar.com
135,dohanews.co
136,spa.gov.sa
137,alyaoum24.com
138,elbashayer.com
139,sport360.com
140,dailymedicalinfo.com
141,telquel.ma
142,akhbarona.com
143,aleqt.com
144,lebanondebate.com
145,afrigatenews.net
146,bintjbeil.org
147,webmanagercenter.com
148,maannews.net
149,zamanalwsl.net
150,libyaakhbar.com
151,al-jazirah.com
152,timesofoman.com
153,masralarabia.net
154,aps.dz
155,alyaum.com
156,gdnonline.com
157,hathalyoum.net
158,alayyam.info
159,248am.com
160,almashhad-alyemeni.com
161,sarahanews.net
162,arabianbusiness.com
163,rimnow.com
164,amwalalghad.com
165,presstetouan.com
166,albawaba.com
167,alakhbar.info
168,gerasanews.com
169,staddoha.com
170,elfagr.org
171,radioalgerie.dz
172,elaph.com
173,ajel.sa
174,eremnews.com
175,mtv.com.lb
176,egyptindependent.com
177,ahlmasrnews.com
178,addustour.com
179,africanmanager.com
180,jordanzad.com
181,alahlyegypt.com
182,sahafaa.net
183,lebanon24.com
184,cawalisse.com
185,ra2ed.com
186,alintibaha.net
187,mwlana.com
188,alwasat.ly
189,rumonline.net
190,assabeel.net
191,bna.bh
192,alnilin.com
193,barlamane.com
194,soutalomma.com
195,alwatanpost.net
196,suna-sd.net
197,omanobserver.om
198,kuwait.tt
199,samanews.ps
200,moroccoworldnews.com
201,alsumaria.tv
202,mc-doualiya.com
203,zamalektoday.com
204,tanjanews.com
205,twasul.info
206,saharamedias.net
207,raya.ps
208,saba.ye
209,wam.ae
210,almountakhab.com
211,mancity.com
212,thabbet.com
213,syriandays.com
214,madamasr.com
215,aksalser.com
216,sharkiatoday.com
217,timeoutdubai.com
218,nna-leb.gov.lb
219,alhadath.net
220,naharnet.com
221,alchourouk.com
222,elfann.com
223,lbcgroup.tv
224,218tv.net
225,petra.gov.jo
226,assarih.com
227,aljazair1.dz
228,almesryoon.com
229,dotmsr.com
230,makkahnewspaper.com
231,alwatannews.net
232,alrai.com
233,lebanese-forces.com
234,mourassiloun.com
235,el-ahly.com
236,sis.gov.eg
237,mz-mz.net
238,wafa.ps
239,el-zamalek.com
240,alquds.com
241,tayyar.org
242,light-dark.net
243,aljoumhouria.com
244,saidaonline.com
245,annabaa.org
246,dalil-rif.com
247,sabr.cc
248,alroya.om
249,alwatan.com
250,almadenahnews.com
251,alayam.com
252,mena.org.eg
253,wattan.net
254,nawaat.org
255,radiomauritanie.mr
256,atheer.om
257,dailynewsegypt.com
258,alwiam.info
259,syria.news
260,alqarn.dj
261,nilefm.com
262,alahednews.com.lb
263,arriyadiyah.com
264,liberte-algerie.com
265,wataninet.com
266,emirates247.com
267,palestinechronicle.com
268,annaharkw.com
269,abunawaf.com
270,muscatdaily.com
271,omannews.gov.om
272,leaders.com.tn
273,omandaily.om
274,sawaleif.com
275,jordantimes.com
276,mediaoffice.ae
277,albiladdaily.com
278,djelfainfo.dz
279,maghress.com
280,rassd.com
281,tsa-algerie.com
282,dubaisports.ae
283,akhbar-alkhaleej.com
284,otv.com.lb
285,26sep.net
286,janoubia.com
287,menara.ma
288,aliwaa.com.lb
289,bahrainmirror.com
290,dzayerinfo.com
291,alhilal.com
292,egyptianstreets.com
293,aljarida.com.tn
294,uaebarq.ae
295,altaghyeer.info
296,alwakaai.com
297,alsadaranews.com
298,lemaghreb.tn
299,rimtoday.net
300,assabahnews.tn
301,febrayer.com
302,nidaalwatan.com
303,atlasinfo.info
304,djazairess.com
305,aljazairalyoum.dz
306,assabah.ma
307,taqadoum.mr
308,reutersagency.com
309,radiotunisienne.tn
310,libyaobserver.ly
311,al-ayyam.ps
312,ch23.com
313,aljaras.com
314,anfaspress.com
315,masralyoum.net
316,sudaneseonline.com
317,shabiba.com
318,essahraa.net
319,copts-united.com
320,elheddaf.com
321,al-jazirahonline.com
322,hasanews.com
323,azzaman.com
324,alsabaah.iq
325,alwasatnews.com
326,alweeam.com.sa
327,telexpresse.com
328,alsharqiya.com
329,mauriweb.info
330,elsharkonline.com
331,arabnet5.com
332,lahjnews.net
333,kifache.com
334,dw.de
335,kitabat.com
336,kawarji.com
337,el-yom.com
338,niletc.tv
339,stadelahly.net
340,espacemanager.com
341,washwasha.org
342,kassioun.org
343,gulfweekly.com
344,tahrirnews.com
345,ye-voice.com
346,meed.com
347,imn.iq
348,lusailnews.net
349,nasiriyah.org
350,akhbarelyoum.dz
351,almasdar.com
352,alahadnews.net
353,alsahwa-yemen.net
354,alankabout.com
355,alkhabar.mr
356,hadfnews.ps
357,alkuwaityah.com
358,mangish.net
359,ahdath.info
360,maspero.eg
361,almotamar.net
362,el-massa.com
363,elmihwar.dz
364,sn4hr.org
365,pbc.ps
366,kataeb.org
367,al-binaa.com
368,fath-news.com
369,mauriactu.info
370,almajd.net
371,ameinfo.com
372,eliktisad.com
373,menaherald.com
374,almarsad.co
375,chtoukapress.com
376,abarahpress.com
377,albiladpress.com
378,alborsagia.com
379,newsofbahrain.com
380,radiosawa.com
381,almaalomah.me
382,anayemeni.net
383,arabradio.us
384,elmarada.org
385,mawazin.net
386,syriasteps.com
387,turess.com
388,iraq-businessnews.com
389,alarab.qa
390,albosala.com
391,almaghribtoday.net
392,tunisien.tn
393,qudspress.com
394,thearabianpost.com
395,wisal.fm
396,aljamaa.net
397,arab-eng.org
398,sabaharabi.com
399,sudaress.com
400,tunisiefocus.com
401,eljadida24.com
402,iraqinews.com
403,iraqoilreport.com
404,yalibnan.com
405,article19.ma
406,alsudaninews.com
407,cedarnews.net
408,nizwa.com
409,sotaliraq.com
410,alalam.ma
411,assahraa.ma
412,alanbatnews.net
413,libyaherald.com
414,see.news
415,sudanjem.com
416,maqar.com
417,shaam.org
418,topnews-nasserkandil.com
419,bayanealyaoume.press.ma
420,libyaschannel.com
421,sonara.net
422,altaakhipress.com
423,shbabmisr.com
424,azilal24.com
425,casaoui.ma
426,marrakechalaan.com
427,souss24.com
428,spsrasd.info
429,tanja7.com
430,akhbaar.org
431,anbaa.info
432,yemenat.net
433,alhaya.ps
434,arn.ps
435,watanserb.com
436,felesteen.news
